type habit,prix,adresse,image_link
Vêtements Enfants,25000,"Dakar, Sénégal","background-image: url(""https://images.coinafrique.com/723992_uploaded_image2_1562586931.16.png""); width: 604px;"
Vêtements Enfants,25000,"Dakar, Sénégal","background-image: url(""https://images.coinafrique.com/724000_uploaded_image2_1562587045.77.png""); width: 604px;"
Vêtements Enfants,10000,"Dakar, Sénégal","background-image: url(""https://images.coinafrique.com/thumb_724043_uploaded_image1_1562587503.48.png""); width: 604px;"
Vêtements Enfants,10000,"Dakar, Sénégal","background-image: url(""https://images.coinafrique.com/thumb_724047_uploaded_image1_1562587553.26.png""); width: 604px;"
Vêtements Enfants,10000,"Dakar, Sénégal","background-image: url(""https://images.coinafrique.com/thumb_724052_uploaded_image1_1562587604.4.png""); width: 604px;"
Vêtements Enfants,10000,"Dakar, Sénégal","background-image: url(""https://images.coinafrique.com/thumb_724054_uploaded_image1_1562587650.41.png""); width: 604px;"
Vêtements Enfants,10000,"Dakar, Sénégal","background-image: url(""https://images.coinafrique.com/thumb_724057_uploaded_image1_1562587700.41.png""); width: 604px;"
Vêtements Enfants,10000,"Dakar, Sénégal","background-image: url(""https://images.coinafrique.com/724060_uploaded_image2_1562587746.67.png""); width: 604px;"
Vêtements Enfants,10000,"Dakar, Sénégal","background-image: url(""https://images.coinafrique.com/724072_uploaded_image2_1562587876.78.png""); width: 604px;"
Vêtements Enfants,10000,"Dakar, Sénégal","background-image: url(""https://images.coinafrique.com/724081_uploaded_image2_1562588040.19.png""); width: 604px;"
Vêtements Enfants,10000,"Dakar, Sénégal","background-image: url(""https://images.coinafrique.com/thumb_724091_uploaded_image1_1562588225.16.png""); width: 604px;"
Vêtements Enfants,10000,"Dakar, Sénégal","background-image: url(""https://images.coinafrique.com/724102_uploaded_image2_1562588582.95.png""); width: 604px;"
Vêtements Enfants,10000,"Dakar, Sénégal","background-image: url(""https://images.coinafrique.com/thumb_724109_uploaded_image1_1562588631.85.png""); width: 604px;"
Vêtements Enfants,10000,"Dakar, Sénégal","background-image: url(""https://images.coinafrique.com/thumb_724113_uploaded_image1_1562588710.7.png""); width: 604px;"
Vêtements Enfants,10000,"Dakar, Sénégal","background-image: url(""https://images.coinafrique.com/724115_uploaded_image2_1562588760.4.png""); width: 604px;"
Vêtements Enfants,10000,"Dakar, Sénégal","background-image: url(""https://images.coinafrique.com/724122_uploaded_image2_1562588821.84.png""); width: 604px;"
Vêtements Enfants,10000,"Dakar, Sénégal","background-image: url(""https://images.coinafrique.com/thumb_724128_uploaded_image1_1562588912.66.png""); width: 604px;"
Vêtements Enfants,10000,"Dakar, Sénégal","background-image: url(""https://images.coinafrique.com/724130_uploaded_image2_1562588990.25.png""); width: 604px;"
Vêtements Enfants,10000,"Dakar, Sénégal","background-image: url(""https://images.coinafrique.com/thumb_724135_uploaded_image1_1562589070.16.png""); width: 604px;"
Vêtements Enfants,10000,"Dakar, Sénégal","background-image: url(""https://images.coinafrique.com/thumb_724138_uploaded_image1_1562589114.05.png""); width: 604px;"
Vêtements Enfants,10000,"Dakar, Sénégal","background-image: url(""https://images.coinafrique.com/724143_uploaded_image2_1562589274.19.png""); width: 604px;"
Vêtements Enfants,10000,"Dakar, Sénégal","background-image: url(""https://images.coinafrique.com/thumb_724146_uploaded_image1_1562589336.01.png""); width: 604px;"
Vêtements Enfants,18000,"Les Parcelles Assainies, Dakar, Sénégal","background-image: url(""https://images.coinafrique.com/727626_uploaded_image2_1562678216.0.png""); width: 404px;"
Vêtements Enfants,20000,"Médina, Dakar, Sénégal","background-image: url(""https://images.coinafrique.com/735207_uploaded_image2_1562852018.31.png""); width: 575px;"
Vêtements Enfants,8000,"Ngor, Dakar, Sénégal","background-image: url(""https://images.coinafrique.com/735868_uploaded_image2_1562861740.96.png""); width: 395px;"
Vêtements Enfants,35000,"Dieuppeul-Derklé, Dakar, Sénégal","background-image: url(""https://images.coinafrique.com/thumb_739801_uploaded_image1_1562946241.61.png""); width: 618px;"
Vêtements Enfants,18000,"Médina, Dakar, Sénégal","background-image: url(""https://images.coinafrique.com/thumb_752408_uploaded_image1_1563349196.32.png""); width: 575px;"
Vêtements Enfants,20000,"Médina, Dakar, Sénégal","background-image: url(""https://images.coinafrique.com/thumb_752448_uploaded_image1_1563350256.56.png""); width: 575px;"
Vêtements Enfants,8000,Sénégal,"background-image: url(""https://images.coinafrique.com/thumb_afrikannonce_1011524_uploaded_image1_1569956569.73.jpg""); width: 369px;"
Vêtements Enfants,12000,Sénégal,"background-image: url(""https://images.coinafrique.com/thumb_afrikannonce_1011523_uploaded_image1_1569956567.47.jpg""); width: 369px;"
Vêtements Enfants,10000,Sénégal,"background-image: url(""https://images.coinafrique.com/thumb_afrikannonce_1011525_uploaded_image1_1569956572.46.jpg""); width: 369px;"
Vêtements Enfants,3000,"Dakar Plateau, Dakar, Sénégal","background-image: url(""https://images.coinafrique.com/thumb_760586_uploaded_image1_1563527322.48.png""); width: 492px;"
Vêtements Enfants,10000,"Dakar Plateau, Dakar, Sénégal","background-image: url(""https://images.coinafrique.com/thumb_760595_uploaded_image1_1563527531.24.png""); width: 492px;"
Vêtements Enfants,12000,"Ouakam, Dakar, Sénégal","background-image: url(""https://images.coinafrique.com/thumb_760597_uploaded_image1_1563527596.64.png""); width: 492px;"
Vêtements Enfants,8000,"Dakar Plateau, Dakar, Sénégal","background-image: url(""https://images.coinafrique.com/thumb_760599_uploaded_image1_1563527651.42.png""); width: 492px;"
Vêtements Enfants,10000,"Ouakam, Dakar, Sénégal","background-image: url(""https://images.coinafrique.com/thumb_760600_uploaded_image1_1563527705.83.png""); width: 492px;"
Vêtements Enfants,10000,"Dakar Plateau, Dakar, Sénégal","background-image: url(""https://images.coinafrique.com/thumb_760606_uploaded_image1_1563527782.19.png""); width: 492px;"
Vêtements Enfants,10000,"Dakar, Sénégal","background-image: url(""https://images.coinafrique.com/thumb_765637_uploaded_image1_1563665776.21.png""); width: 550px;"
Vêtements Enfants,10000,"Dakar, Sénégal","background-image: url(""https://images.coinafrique.com/765642_uploaded_image2_1563665910.47.png""); width: 550px;"
Vêtements Enfants,20000,"Médina, Dakar, Sénégal","background-image: url(""https://images.coinafrique.com/thumb_766149_uploaded_image1_1563699401.63.png""); width: 575px;"
Vêtements Enfants,20000,"Médina, Dakar, Sénégal","background-image: url(""https://images.coinafrique.com/thumb_766156_uploaded_image1_1563699576.64.png""); width: 575px;"
Vêtements Enfants,1900,"Sicap Liberté, Dakar, Sénégal","background-image: url(""https://images.coinafrique.com/thumb_777756_uploaded_image1_1563987300.49.png""); width: 470px;"
Vêtements Enfants,18000,"Dakar, Sénégal","background-image: url(""https://images.coinafrique.com/780901_uploaded_image2_1564061950.08.png""); width: 647px;"
Vêtements Enfants,20000,"Hann Bel-Air, Dakar, Sénégal","background-image: url(""https://images.coinafrique.com/808545_uploaded_image2_1564848573.21.png""); width: 497px;"
Vêtements Enfants,20000,"Hann Bel-Air, Dakar, Sénégal","background-image: url(""https://images.coinafrique.com/808553_uploaded_image2_1564848715.9.png""); width: 497px;"
Vêtements Enfants,15000,"Hann Bel-Air, Dakar, Sénégal","background-image: url(""https://images.coinafrique.com/808557_uploaded_image2_1564848842.08.png""); width: 497px;"
Vêtements Enfants,8000,Sénégal,"background-image: url(""https://images.coinafrique.com/thumb_829029_uploaded_image1_1565382378.89.png""); width: 404px;"
Vêtements Enfants,6000,"Cambérène, Dakar, Sénégal","background-image: url(""https://images.coinafrique.com/882678_uploaded_image2_1566927510.83.png""); width: 604px;"
Vêtements Enfants,10000,Sénégal,"background-image: url(""https://images.coinafrique.com/894885_uploaded_image2_1567205957.34.png""); width: 594px;"
Vêtements Enfants,7000,"Patte d'Oie, Dakar, Sénégal","background-image: url(""https://images.coinafrique.com/thumb_902542_uploaded_image1_1567465870.43.png""); width: 470px;"
Vêtements Enfants,16000,"Médina, Dakar, Sénégal","background-image: url(""https://images.coinafrique.com/915850_uploaded_image2_1567763636.63.png""); width: 575px;"
Vêtements Enfants,21000,"Dakar, Sénégal","background-image: url(""https://images.coinafrique.com/918122_uploaded_image2_1567809516.82.png""); width: 414px;"
Vêtements Enfants,10500,"Dakar, Sénégal","background-image: url(""https://images.coinafrique.com/918127_uploaded_image2_1567809638.06.png""); width: 414px;"
Vêtements Enfants,10500,"Dakar, Sénégal","background-image: url(""https://images.coinafrique.com/918128_uploaded_image2_1567809825.59.png""); width: 414px;"
Vêtements Enfants,12000,"Dakar, Sénégal","background-image: url(""https://images.coinafrique.com/918132_uploaded_image2_1567810084.85.png""); width: 414px;"
Vêtements Enfants,7000,"Yoff, Dakar, Sénégal","background-image: url(""https://images.coinafrique.com/961263_uploaded_image3_1568847806.13.png""); width: 404px;"
Vêtements Enfants,5000,"Yoff, Dakar, Sénégal","background-image: url(""https://images.coinafrique.com/961269_uploaded_image2_1568848015.13.png""); width: 404px;"
Vêtements Enfants,25000,"Pikine, Sénégal","background-image: url(""https://images.coinafrique.com/971896_uploaded_image2_1569081271.03.png""); width: 369px;"
Vêtements Enfants,15000,"M'bour, Sénégal","background-image: url(""https://images.coinafrique.com/988554_uploaded_image2_1569436029.83.png""); width: 437px;"
Vêtements Enfants,4500,"Dakar Plateau, Dakar, Sénégal","background-image: url(""https://images.coinafrique.com/1020573_uploaded_image2_1570128555.84.png""); width: 369px;"
Vêtements Enfants,1250,"Grand Dakar, Dakar, Sénégal","background-image: url(""https://images.coinafrique.com/thumb_1021961_uploaded_image1_1570172652.67.png""); width: 572px;"
Vêtements Enfants,8500,"Grand Yoff, Dakar, Sénégal","background-image: url(""https://images.coinafrique.com/thumb_1027288_uploaded_image1_1570272791.38.png""); width: 470px;"
Vêtements Enfants,25000,Sénégal,"background-image: url(""https://images.coinafrique.com/1029318_uploaded_image2_1570324274.92.png""); width: 604px;"
Vêtements Enfants,12000,"Dakar-Plateau, Dakar, Sénégal","background-image: url(""https://images.coinafrique.com/thumb_1035457_uploaded_image1_1570472984.2.png""); width: 404px;"
Vêtements Enfants,3000,"Guédiawaye, Dakar, Sénégal","background-image: url(""https://images.coinafrique.com/thumb_1043326_uploaded_image1_1570627731.54.png""); width: 543px;"
Vêtements Enfants,3000,"Guédiawaye, Dakar, Sénégal","background-image: url(""https://images.coinafrique.com/thumb_1043331_uploaded_image1_1570627825.79.png""); width: 543px;"
Vêtements Enfants,3500,"Pikine, Sénégal","background-image: url(""https://images.coinafrique.com/1051586_uploaded_image2_1570792855.6.png""); width: 542px;"
Vêtements Enfants,3500,"Pikine, Sénégal","background-image: url(""https://images.coinafrique.com/1051591_uploaded_image2_1570792887.38.png""); width: 542px;"
Vêtements Enfants,2500,"Pikine, Sénégal","background-image: url(""https://images.coinafrique.com/1051629_uploaded_image2_1570793218.59.png""); width: 542px;"
Vêtements Enfants,10000,"Ouakam, Dakar, Sénégal","background-image: url(""https://images.coinafrique.com/thumb_1061809_uploaded_image1_1571051353.3.png""); width: 426px;"
Vêtements Enfants,10000,"Ouakam, Dakar, Sénégal","background-image: url(""https://images.coinafrique.com/thumb_1061814_uploaded_image1_1571051426.62.png""); width: 426px;"
Vêtements Enfants,5000,"Ouakam, Dakar, Sénégal","background-image: url(""https://images.coinafrique.com/thumb_1061821_uploaded_image1_1571051508.82.png""); width: 426px;"
Vêtements Enfants,8000,"Ouakam, Dakar, Sénégal","background-image: url(""https://images.coinafrique.com/thumb_1061840_uploaded_image1_1571051674.17.png""); width: 426px;"
Vêtements Enfants,8000,"Ouakam, Dakar, Sénégal","background-image: url(""https://images.coinafrique.com/thumb_1061864_uploaded_image1_1571051920.44.png""); width: 426px;"
Vêtements Enfants,7000,"Ouakam, Dakar, Sénégal","background-image: url(""https://images.coinafrique.com/thumb_1061871_uploaded_image1_1571051970.84.png""); width: 426px;"
Vêtements Enfants,7000,"Ouakam, Dakar, Sénégal","background-image: url(""https://images.coinafrique.com/thumb_1061876_uploaded_image1_1571052006.69.png""); width: 426px;"
Vêtements Enfants,8000,"Ouakam, Dakar, Sénégal","background-image: url(""https://images.coinafrique.com/thumb_1061891_uploaded_image1_1571052122.28.png""); width: 426px;"
Vêtements Enfants,8000,"Ouakam, Dakar, Sénégal","background-image: url(""https://images.coinafrique.com/thumb_1061895_uploaded_image1_1571052162.4.png""); width: 426px;"
Vêtements Enfants,8000,"Ouakam, Dakar, Sénégal","background-image: url(""https://images.coinafrique.com/thumb_1061900_uploaded_image1_1571052225.61.png""); width: 426px;"
Vêtements Enfants,8000,"Ouakam, Dakar, Sénégal","background-image: url(""https://images.coinafrique.com/thumb_1061915_uploaded_image1_1571052342.01.png""); width: 426px;"
Vêtements Enfants,6000,"Ouakam, Dakar, Sénégal","background-image: url(""https://images.coinafrique.com/thumb_1061921_uploaded_image1_1571052396.32.png""); width: 426px;"
Vêtements Enfants,15000,"M'bour, Sénégal","background-image: url(""https://images.coinafrique.com/1064667_uploaded_image2_1571103373.66.png""); width: 437px;"
Vêtements Enfants,5000,"Touba, Sénégal","background-image: url(""https://images.coinafrique.com/thumb_1091229_uploaded_image1_1571671997.99.png""); width: 369px;"
Vêtements Enfants,5000,"Hann Bel-Air, Dakar, Sénégal","background-image: url(""https://images.coinafrique.com/1108134_uploaded_image2_1571966882.41.png""); width: 436px;"
Vêtements Enfants,7000,"Dakar, Sénégal","background-image: url(""https://images.coinafrique.com/1118621_uploaded_image2_1572202440.39.png""); width: 586px;"
Vêtements Enfants,15000,"Dakar, Sénégal","background-image: url(""https://images.coinafrique.com/1121633_uploaded_image2_1573928648.88.png""); width: 369px;"
Vêtements Enfants,10000,"Dakar, Sénégal","background-image: url(""https://images.coinafrique.com/thumb_1144822_uploaded_image1_1572699281.14.png""); width: 517px;"
Vêtements Enfants,10000,"Dakar, Sénégal","background-image: url(""https://images.coinafrique.com/thumb_1144859_uploaded_image1_1572699549.63.png""); width: 517px;"
Vêtements Enfants,10000,"Guediawaye, Dakar, Sénégal","background-image: url(""https://images.coinafrique.com/thumb_1144863_uploaded_image1_1572699593.81.png""); width: 517px;"
Vêtements Enfants,10000,"Dakar, Sénégal","background-image: url(""https://images.coinafrique.com/thumb_1144890_uploaded_image1_1572699984.7.png""); width: 517px;"
Vêtements Enfants,10000,"Grand Dakar, Dakar, Sénégal","background-image: url(""https://images.coinafrique.com/1159823_uploaded_image2_1572990841.8.png""); width: 574px;"
Vêtements Enfants,5000,"Ngor, Dakar, Sénégal","background-image: url(""https://images.coinafrique.com/thumb_1164929_uploaded_image1_1573080199.92.png""); width: 386px;"
Vêtements Enfants,10000,"Grand Dakar, Dakar, Sénégal","background-image: url(""https://images.coinafrique.com/1174277_uploaded_image2_1573245424.6.png""); width: 572px;"
Vêtements Enfants,15000,"M'bour, Sénégal","background-image: url(""https://images.coinafrique.com/1181045_uploaded_image2_1573426145.97.png""); width: 437px;"
Vêtements Enfants,17500,"Guédiawaye, Dakar, Sénégal","background-image: url(""https://images.coinafrique.com/1204350_uploaded_image2_1573832160.18.png""); width: 369px;"
Vêtements Enfants,15000,"Guédiawaye, Dakar, Sénégal","background-image: url(""https://images.coinafrique.com/1204362_uploaded_image2_1573832164.5.png""); width: 369px;"
Vêtements Enfants,10000,"Guediawaye, Dakar, Sénégal","background-image: url(""https://images.coinafrique.com/1228231_uploaded_image2_1574275865.56.png""); width: 369px;"
Vêtements Enfants,3000,"Dakar Plateau, Dakar, Sénégal","background-image: url(""https://images.coinafrique.com/1265573_uploaded_image2_1574947905.39.png""); width: 452px;"
Vêtements Enfants,3000,"Dakar Plateau, Dakar, Sénégal","background-image: url(""https://images.coinafrique.com/1265617_uploaded_image2_1574948491.15.png""); width: 452px;"
Vêtements Enfants,14000,"Mboro, Sénégal","background-image: url(""https://images.coinafrique.com/1277041_uploaded_image2_1575227853.91.png""); width: 395px;"
Vêtements Enfants,1500,"Dieuppeul-Derklé, Dakar, Sénégal","background-image: url(""https://images.coinafrique.com/thumb_1283945_uploaded_image1_1575298312.76.png""); width: 642px;"
Vêtements Enfants,2000,"Dieuppeul-Derklé, Dakar, Sénégal","background-image: url(""https://images.coinafrique.com/1284009_uploaded_image2_1575298926.1.png""); width: 642px;"
Vêtements Enfants,1000,"Dieuppeul-Derklé, Dakar, Sénégal","background-image: url(""https://images.coinafrique.com/1284185_uploaded_image2_1575301233.88.png""); width: 642px;"
Vêtements Enfants,3000,"Dakar, Sénégal","background-image: url(""https://images.coinafrique.com/1303699_uploaded_image2_1575638913.69.png""); width: 452px;"
Vêtements Enfants,2500,"Dakar Plateau, Dakar, Sénégal","background-image: url(""https://images.coinafrique.com/1303712_uploaded_image2_1575639089.05.png""); width: 452px;"
Vêtements Enfants,10000,"Dakar, Sénégal","background-image: url(""https://images.coinafrique.com/thumb_1306722_uploaded_image1_1575705367.41.png""); width: 513px;"
Vêtements Enfants,6000,"Dakar-Plateau, Dakar, Sénégal","background-image: url(""https://images.coinafrique.com/1308244_uploaded_image2_1575732106.52.png""); width: 576px;"
Vêtements Enfants,5000,"Mermoz-Sacré-Cœur, Dakar, Sénégal","background-image: url(""https://images.coinafrique.com/thumb_1311757_uploaded_image1_1575816788.31.png""); width: 513px;"
Vêtements Enfants,7000,"Mermoz-Sacré-Cœur, Dakar, Sénégal","background-image: url(""https://images.coinafrique.com/1311765_uploaded_image2_1575816948.4.png""); width: 513px;"
Vêtements Enfants,5000,"Mermoz-Sacré-Cœur, Dakar, Sénégal","background-image: url(""https://images.coinafrique.com/1317815_uploaded_image2_1575924048.09.png""); width: 513px;"
Vêtements Enfants,9000,"Fann, Dakar, Sénégal","background-image: url(""https://images.coinafrique.com/1330043_uploaded_image2_1576151149.24.png""); width: 369px;"
Vêtements Enfants,30000,"Dakar, Sénégal","background-image: url(""https://images.coinafrique.com/1335113_uploaded_image2_1576237834.49.png""); width: 573px;"
Vêtements Enfants,4000,Sénégal,"background-image: url(""https://images.coinafrique.com/1344415_uploaded_image2_1576424608.59.png""); width: 404px;"
Vêtements Enfants,12000,"Pikine, Sénégal","background-image: url(""https://images.coinafrique.com/1370069_uploaded_image2_1576879259.44.png""); width: 617px;"
Vêtements Enfants,13000,"Dakar, Sénégal","background-image: url(""https://images.coinafrique.com/1373563_uploaded_image2_1576949693.72.png""); width: 369px;"
Vêtements Enfants,13000,"Dakar, Sénégal","background-image: url(""https://images.coinafrique.com/1373581_uploaded_image2_1576950179.39.png""); width: 369px;"
Vêtements Enfants,15000,"Dakar, Sénégal","background-image: url(""https://images.coinafrique.com/1373672_uploaded_image2_1576952145.32.png""); width: 369px;"
Vêtements Enfants,6500,"Grand Yoff, Dakar, Sénégal","background-image: url(""https://images.coinafrique.com/1373984_uploaded_image2_1576959397.44.png""); width: 376px;"
Vêtements Enfants,15000,"M'bour, Sénégal","background-image: url(""https://images.coinafrique.com/1410978_uploaded_image2_1577742017.02.png""); width: 437px;"
Vêtements Enfants,400,"Yoff, Dakar, Sénégal","background-image: url(""https://images.coinafrique.com/thumb_1491193_uploaded_image1_1579191536.91.png""); width: 411px;"
Vêtements Enfants,12000,"Grand Yoff, Dakar, Sénégal","background-image: url(""https://images.coinafrique.com/1514274_uploaded_image2_1579604622.29.png""); width: 525px;"
Vêtements Enfants,6000,"Parcelle Assainies, Dakar, Sénégal","background-image: url(""https://images.coinafrique.com/1514342_uploaded_image2_1579605416.59.png""); width: 516px;"
Vêtements Enfants,6000,"Les Parcelles Assainies, Dakar, Sénégal","background-image: url(""https://images.coinafrique.com/1514365_uploaded_image2_1579605771.7.png""); width: 516px;"
Vêtements Enfants,5000,"Les Parcelles Assainies, Dakar, Sénégal","background-image: url(""https://images.coinafrique.com/1514395_uploaded_image2_1579606069.65.png""); width: 516px;"
Vêtements Enfants,7000,"Ouakam, Dakar, Sénégal","background-image: url(""https://images.coinafrique.com/1526621_uploaded_image2_1579784330.83.png""); width: 492px;"
Vêtements Enfants,4000,"Grand Yoff, Dakar, Sénégal","background-image: url(""https://images.coinafrique.com/1543886_uploaded_image2_1580076977.63.png""); width: 512px;"
Vêtements Enfants,4000,"Grand Yoff, Dakar, Sénégal","background-image: url(""https://images.coinafrique.com/1543891_uploaded_image2_1580077027.4.png""); width: 512px;"
Vêtements Enfants,4000,"Grand Yoff, Dakar, Sénégal","background-image: url(""https://images.coinafrique.com/1543894_uploaded_image2_1580077073.05.png""); width: 512px;"
Vêtements Enfants,4000,"Grand Yoff, Dakar, Sénégal","background-image: url(""https://images.coinafrique.com/1543944_uploaded_image2_1580077932.04.png""); width: 512px;"
Vêtements Enfants,4000,"Grand Yoff, Dakar, Sénégal","background-image: url(""https://images.coinafrique.com/1543946_uploaded_image2_1580077992.54.png""); width: 512px;"
Vêtements Enfants,4000,"Grand Yoff, Dakar, Sénégal","background-image: url(""https://images.coinafrique.com/1543948_uploaded_image2_1580078044.7.png""); width: 512px;"
Vêtements Enfants,10000,"Dakar, Sénégal","background-image: url(""https://images.coinafrique.com/1544373_uploaded_image2_1580086241.07.png""); width: 441px;"
Vêtements Enfants,12000,"HLM, Dakar, Sénégal","background-image: url(""https://images.coinafrique.com/1552044_uploaded_image2_1580207298.82.png""); width: 452px;"
Vêtements Enfants,2000,"Gueule Tapée-Fass-Colobane, Dakar, Sénégal","background-image: url(""https://images.coinafrique.com/1559422_uploaded_image2_1580301721.42.png""); width: 480px;"
Vêtements Enfants,2000,"Gueule Tapée-Fass-Colobane, Dakar, Sénégal","background-image: url(""https://images.coinafrique.com/1559425_uploaded_image2_1580301744.77.png""); width: 480px;"
Vêtements Enfants,12000,"Gueule Tapée-Fass-Colobane, Dakar, Sénégal","background-image: url(""https://images.coinafrique.com/1559487_uploaded_image2_1580302197.38.png""); width: 480px;"
Vêtements Enfants,12000,"Gueule Tapée-Fass-Colobane, Dakar, Sénégal","background-image: url(""https://images.coinafrique.com/1559490_uploaded_image2_1580302235.5.png""); width: 480px;"
Vêtements Enfants,12000,"Gueule Tapée-Fass-Colobane, Dakar, Sénégal","background-image: url(""https://images.coinafrique.com/1559493_uploaded_image2_1580302285.41.png""); width: 480px;"
Vêtements Enfants,6000,"Gueule Tapée-Fass-Colobane, Dakar, Sénégal","background-image: url(""https://images.coinafrique.com/1559509_uploaded_image2_1580302514.52.png""); width: 480px;"
Vêtements Enfants,6000,"Gueule Tapée-Fass-Colobane, Dakar, Sénégal","background-image: url(""https://images.coinafrique.com/1559510_uploaded_image2_1580302552.0.png""); width: 480px;"
Vêtements Enfants,5000,"Gueule Tapée-Fass-Colobane, Dakar, Sénégal","background-image: url(""https://images.coinafrique.com/1559514_uploaded_image2_1580302587.01.png""); width: 480px;"
Vêtements Enfants,8000,"Gueule Tapée-Fass-Colobane, Dakar, Sénégal","background-image: url(""https://images.coinafrique.com/1559518_uploaded_image2_1580302630.44.png""); width: 480px;"
Vêtements Enfants,15000,"Dakar-Plateau, Dakar, Sénégal","background-image: url(""https://images.coinafrique.com/1565490_uploaded_image2_1580383348.18.png""); width: 410px;"
Vêtements Enfants,5000,"Thies Nord, Thiès, Sénégal","background-image: url(""https://images.coinafrique.com/1566600_uploaded_image2_1580394361.03.png""); width: 476px;"
Vêtements Enfants,25000,"Parcelle Assainies, Dakar, Sénégal","background-image: url(""https://images.coinafrique.com/1607896_uploaded_image2_1581036259.84.png""); width: 397px;"
Vêtements Enfants,25000,"Les Parcelles Assainies, Dakar, Sénégal","background-image: url(""https://images.coinafrique.com/1607901_uploaded_image2_1581036440.47.png""); width: 397px;"
Vêtements Enfants,25000,"Les Parcelles Assainies, Dakar, Sénégal","background-image: url(""https://images.coinafrique.com/1607904_uploaded_image2_1581036553.62.png""); width: 397px;"
Vêtements Enfants,10000,"Grand Yoff, Dakar, Sénégal","background-image: url(""https://images.coinafrique.com/1608013_uploaded_image2_1581043244.61.png""); width: 512px;"
Vêtements Enfants,2000,"Grand Yoff, Dakar, Sénégal","background-image: url(""https://images.coinafrique.com/thumb_1608014_uploaded_image1_1581043282.72.png""); width: 512px;"
Vêtements Enfants,12000,"Dakar Plateau, Dakar, Sénégal","background-image: url(""https://images.coinafrique.com/1632221_uploaded_image2_1581423696.07.png""); width: 452px;"
Vêtements Enfants,10000,"Dakar-Plateau, Dakar, Sénégal","background-image: url(""https://images.coinafrique.com/1647670_uploaded_image2_1581664885.9.png""); width: 410px;"
Vêtements Enfants,7000,"Patte d'Oie, Dakar, Sénégal","background-image: url(""https://images.coinafrique.com/thumb_1680030_uploaded_image1_1582211265.82.png""); width: 489px;"
Vêtements Enfants,10000,"Dakar, Sénégal","background-image: url(""https://images.coinafrique.com/1689763_uploaded_image2_1582384162.5.png""); width: 572px;"
Vêtements Enfants,20000,"Les Parcelles Assainies, Dakar, Sénégal","background-image: url(""https://images.coinafrique.com/1697316_uploaded_image2_1582554886.35.png""); width: 384px;"
Vêtements Enfants,10000,"Yoff, Dakar, Sénégal","background-image: url(""https://images.coinafrique.com/1703264_uploaded_image2_1582641589.69.png""); width: 411px;"
Vêtements Enfants,10000,"Sicap Liberté, Dakar, Sénégal","background-image: url(""https://images.coinafrique.com/1719896_uploaded_image2_1582902178.87.png""); width: 518px;"
Vêtements Enfants,5000,"Point E, Dakar, Sénégal","background-image: url(""https://images.coinafrique.com/1720893_uploaded_image2_1582915357.34.png""); width: 389px;"
Vêtements Enfants,1500,"Grand Dakar, Dakar, Sénégal","background-image: url(""https://images.coinafrique.com/1730070_uploaded_image2_1583108098.61.png""); width: 477px;"
Vêtements Enfants,3500,"Fass, Dakar, Sénégal","background-image: url(""https://images.coinafrique.com/1738625_uploaded_image2_1583250075.32.png""); width: 404px;"
Vêtements Enfants,5000,"Mermoz-Sacré-Cœur, Dakar, Sénégal","background-image: url(""https://images.coinafrique.com/1773838_uploaded_image2_1583862932.4.png""); width: 425px;"
Vêtements Enfants,5000,"Mermoz-Sacré-Cœur, Dakar, Sénégal","background-image: url(""https://images.coinafrique.com/1783768_uploaded_image2_1584018577.65.png""); width: 425px;"
Vêtements Enfants,10000,"Dakar-Plateau, Dakar, Sénégal","background-image: url(""https://images.coinafrique.com/1784533_uploaded_image2_1584027398.02.png""); width: 608px;"
Vêtements Enfants,10000,"Dakar-Plateau, Dakar, Sénégal","background-image: url(""https://images.coinafrique.com/1784540_uploaded_image2_1584027470.78.png""); width: 608px;"
Vêtements Enfants,10000,"Dakar-Plateau, Dakar, Sénégal","background-image: url(""https://images.coinafrique.com/1784551_uploaded_image2_1584027560.8.png""); width: 608px;"
Vêtements Enfants,10000,"Dakar-Plateau, Dakar, Sénégal","background-image: url(""https://images.coinafrique.com/1784556_uploaded_image2_1584027610.31.png""); width: 608px;"
Vêtements Enfants,5000,"Point E, Dakar, Sénégal","background-image: url(""https://images.coinafrique.com/1784678_uploaded_image2_1584029251.81.png""); width: 389px;"
Vêtements Enfants,5000,"HLM, Dakar, Sénégal","background-image: url(""https://images.coinafrique.com/1790170_uploaded_image2_1584127134.2.png""); width: 452px;"
Vêtements Enfants,9000,"Dakar, Sénégal","background-image: url(""https://images.coinafrique.com/1797422_uploaded_image2_1584283247.81.png""); width: 534px;"
Vêtements Enfants,6000,"Mermoz-Sacré-Cœur, Dakar, Sénégal","background-image: url(""https://images.coinafrique.com/thumb_1797916_uploaded_image1_1584293987.81.png""); width: 534px;"
Vêtements Enfants,5000,"Point E, Dakar, Sénégal","background-image: url(""https://images.coinafrique.com/1803131_uploaded_image2_1584378734.88.png""); width: 547px;"
Vêtements Enfants,12000,"Dakar, Sénégal","background-image: url(""https://images.coinafrique.com/thumb_1810071_uploaded_image1_1584488550.47.png""); width: 530px;"
Vêtements Enfants,15000,"Dakar, Sénégal","background-image: url(""https://images.coinafrique.com/1834624_uploaded_image2_1584951207.57.png""); width: 369px;"
Vêtements Enfants,7000,"Rufisque, Sénégal","background-image: url(""https://images.coinafrique.com/1906387_uploaded_image2_1586252732.58.png""); width: 671px;"
Vêtements Enfants,4000,"Rufisque, Sénégal","background-image: url(""https://images.coinafrique.com/1906455_uploaded_image2_1586253454.8.png""); width: 671px;"
Vêtements Enfants,4000,"Rufisque, Sénégal","background-image: url(""https://images.coinafrique.com/1906465_uploaded_image2_1586253537.07.png""); width: 671px;"
Vêtements Enfants,7000,"Rufisque, Sénégal","background-image: url(""https://images.coinafrique.com/1906593_uploaded_image2_1586255067.65.png""); width: 671px;"
Vêtements Enfants,5000,"Rufisque, Sénégal","background-image: url(""https://images.coinafrique.com/1910155_uploaded_image2_1586297414.23.png""); width: 671px;"
Vêtements Enfants,3500,"Rufisque, Sénégal","background-image: url(""https://images.coinafrique.com/1910169_uploaded_image2_1586297654.31.png""); width: 671px;"
Vêtements Enfants,3500,"Rufisque, Sénégal","background-image: url(""https://images.coinafrique.com/1910194_uploaded_image2_1586298079.54.png""); width: 671px;"
Vêtements Enfants,8000,"Rufisque, Sénégal","background-image: url(""https://images.coinafrique.com/1910234_uploaded_image2_1586298807.14.png""); width: 671px;"
Vêtements Enfants,6000,"Rufisque, Sénégal","background-image: url(""https://images.coinafrique.com/1910246_uploaded_image2_1586299028.11.png""); width: 671px;"
Vêtements Enfants,5000,"Medina, Dakar, Sénégal","background-image: url(""https://images.coinafrique.com/1936151_uploaded_image2_1586746366.87.png""); width: 581px;"
Vêtements Enfants,7000,"HLM, Dakar, Sénégal","background-image: url(""https://images.coinafrique.com/1943528_uploaded_image2_1586864266.89.jpeg""); width: 452px;"
Vêtements Enfants,2500,"HLM, Dakar, Sénégal","background-image: url(""https://images.coinafrique.com/1943535_uploaded_image2_1586864377.31.jpeg""); width: 452px;"
Vêtements Enfants,5000,"HLM, Dakar, Sénégal","background-image: url(""https://images.coinafrique.com/1943553_uploaded_image2_1586864672.15.jpeg""); width: 452px;"
Vêtements Enfants,5000,"HLM, Dakar, Sénégal","background-image: url(""https://images.coinafrique.com/1951634_uploaded_image2_1586970221.57.jpeg""); width: 452px;"
Vêtements Enfants,7000,"HLM, Dakar, Sénégal","background-image: url(""https://images.coinafrique.com/1951650_uploaded_image2_1586970505.16.jpeg""); width: 452px;"
Vêtements Enfants,5000,"HLM, Dakar, Sénégal","background-image: url(""https://images.coinafrique.com/1951656_uploaded_image2_1586970613.23.jpeg""); width: 452px;"
Vêtements Enfants,8500,"Mermoz-Sacré-Cœur, Dakar, Sénégal","background-image: url(""https://images.coinafrique.com/1953332_uploaded_image2_1587004947.14.jpeg""); width: 369px;"
Vêtements Enfants,3000,"HLM, Dakar, Sénégal","background-image: url(""https://images.coinafrique.com/1954333_uploaded_image2_1587028541.38.jpeg""); width: 452px;"
Vêtements Enfants,8000,"Mermoz-Sacré-Cœur, Dakar, Sénégal","background-image: url(""https://images.coinafrique.com/1959520_uploaded_image2_1587095120.34.jpeg""); width: 369px;"
Vêtements Enfants,5000,"Medina, Dakar, Sénégal","background-image: url(""https://images.coinafrique.com/1973167_uploaded_image2_1587307834.54.jpeg""); width: 552px;"
Vêtements Enfants,8000,"Medina, Dakar, Sénégal","background-image: url(""https://images.coinafrique.com/1975489_uploaded_image2_1587346902.19.jpeg""); width: 581px;"
Vêtements Enfants,10000,"Dakar, Sénégal","background-image: url(""https://images.coinafrique.com/1985053_uploaded_image2_1587488603.9.jpeg""); width: 465px;"
Vêtements Enfants,5000,"Dakar, Sénégal","background-image: url(""https://images.coinafrique.com/1996790_uploaded_image2_1587662463.13.jpeg""); width: 540px;"
Vêtements Enfants,2000,"HLM, Dakar, Sénégal","background-image: url(""https://images.coinafrique.com/1998881_uploaded_image2_1587700555.jpeg""); width: 452px;"
Vêtements Enfants,2000,"HLM, Dakar, Sénégal","background-image: url(""https://images.coinafrique.com/2007169_uploaded_image2_1587822850.47.jpeg""); width: 452px;"
Vêtements Enfants,2000,"Pikine, Sénégal","background-image: url(""https://images.coinafrique.com/2013703_uploaded_image2_1587951379.jpeg""); width: 385px;"
Vêtements Enfants,15000,"Biscuiterie, Dakar, Sénégal","background-image: url(""https://images.coinafrique.com/2017027_uploaded_image2_1587998837.jpeg""); width: 532px;"
Vêtements Enfants,15000,"Biscuiterie, Dakar, Sénégal","background-image: url(""https://images.coinafrique.com/2021987_uploaded_image2_1588076837.jpeg""); width: 532px;"
Vêtements Enfants,15000,"Biscuiterie, Dakar, Sénégal","background-image: url(""https://images.coinafrique.com/2025745_uploaded_image2_1588137724.jpeg""); width: 532px;"
Vêtements Enfants,7000,"Dakar, Sénégal","background-image: url(""https://images.coinafrique.com/2029473_uploaded_image2_1588177964.jpeg""); width: 369px;"
Vêtements Enfants,7000,"HLM, Dakar, Sénégal","background-image: url(""https://images.coinafrique.com/thumb_2033791_uploaded_image1_1588247233.69.jpeg""); width: 452px;"
Vêtements Enfants,8000,"HLM, Dakar, Sénégal","background-image: url(""https://images.coinafrique.com/2033818_uploaded_image2_1588247504.89.jpeg""); width: 452px;"
Vêtements Enfants,10000,"HLM, Dakar, Sénégal","background-image: url(""https://images.coinafrique.com/2033828_uploaded_image2_1588247617.68.jpeg""); width: 452px;"
Vêtements Enfants,10000,"Grand Yoff, Dakar, Sénégal","background-image: url(""https://images.coinafrique.com/2038784_uploaded_image2_1588326760.jpeg""); width: 512px;"
Vêtements Enfants,5000,"Grand Yoff, Dakar, Sénégal","background-image: url(""https://images.coinafrique.com/2038808_uploaded_image2_1588327064.jpeg""); width: 512px;"
Vêtements Enfants,15000,"Biscuiterie, Dakar, Sénégal","background-image: url(""https://images.coinafrique.com/2039586_uploaded_image2_1588336840.jpeg""); width: 532px;"
Vêtements Enfants,15000,"Biscuiterie, Dakar, Sénégal","background-image: url(""https://images.coinafrique.com/2041432_uploaded_image2_1588364805.jpeg""); width: 532px;"
Vêtements Enfants,15000,"Biscuiterie, Dakar, Sénégal","background-image: url(""https://images.coinafrique.com/2044622_uploaded_image2_1588426381.jpeg""); width: 532px;"
Vêtements Enfants,15000,"Biscuiterie, Dakar, Sénégal","background-image: url(""https://images.coinafrique.com/2044629_uploaded_image2_1588426459.jpeg""); width: 532px;"
Vêtements Enfants,15000,"Fann, Dakar, Sénégal","background-image: url(""https://images.coinafrique.com/2045971_uploaded_image2_1588443945.jpeg""); width: 538px;"
Vêtements Enfants,15000,"Biscuiterie, Dakar, Sénégal","background-image: url(""https://images.coinafrique.com/2050296_uploaded_image2_1588522494.jpeg""); width: 532px;"
Vêtements Enfants,15000,"Biscuiterie, Dakar, Sénégal","background-image: url(""https://images.coinafrique.com/2054142_uploaded_image2_1588591769.jpeg""); width: 532px;"
Vêtements Enfants,40000,"HLM, Dakar, Sénégal","background-image: url(""https://images.coinafrique.com/2059938_uploaded_image2_1588675266.96.jpeg""); width: 452px;"
Vêtements Enfants,20000,"Fann, Dakar, Sénégal","background-image: url(""https://images.coinafrique.com/2066977_uploaded_image2_1588770354.jpeg""); width: 538px;"
Vêtements Enfants,15000,"Biscuiterie, Dakar, Sénégal","background-image: url(""https://images.coinafrique.com/2068470_uploaded_image2_1588787536.jpeg""); width: 532px;"
Vêtements Enfants,2500,"Parcelle Assainies, Dakar, Sénégal","background-image: url(""https://images.coinafrique.com/2087136_uploaded_image2_1589072240.jpeg""); width: 543px;"
Vêtements Enfants,7000,"Dakar, Sénégal","background-image: url(""https://images.coinafrique.com/2087466_uploaded_image2_1589080473.jpeg""); width: 369px;"
Vêtements Enfants,10000,"Fann, Dakar, Sénégal","background-image: url(""https://images.coinafrique.com/thumb_2090969_uploaded_image1_1589145852.jpg""); width: 538px;"
Vêtements Enfants,7500,"Dakar, Sénégal","background-image: url(""https://images.coinafrique.com/2097474_uploaded_image2_1589248311.jpeg""); width: 369px;"
Vêtements Enfants,16000,"Parcelle Assainies, Dakar, Sénégal","background-image: url(""https://images.coinafrique.com/2099466_uploaded_image2_1589281937.jpeg""); width: 395px;"
Vêtements Enfants,25000,"Fann, Dakar, Sénégal","background-image: url(""https://images.coinafrique.com/2102512_uploaded_image2_1589320645.jpeg""); width: 538px;"
Vêtements Enfants,40000,"Dakar Plateau, Dakar, Sénégal","background-image: url(""https://images.coinafrique.com/2109272_uploaded_image2_1589430116.jpeg""); width: 554px;"
Vêtements Enfants,15000,"Fann, Dakar, Sénégal","background-image: url(""https://images.coinafrique.com/2110252_uploaded_image2_1589447206.jpeg""); width: 538px;"
Vêtements Enfants,15000,"Fann, Dakar, Sénégal","background-image: url(""https://images.coinafrique.com/2110256_uploaded_image2_1589447242.jpeg""); width: 538px;"
Vêtements Enfants,20000,"Fann, Dakar, Sénégal","background-image: url(""https://images.coinafrique.com/2110260_uploaded_image2_1589447277.jpeg""); width: 538px;"
Vêtements Enfants,12000,"Mermoz-Sacré Coeur, Dakar, Sénégal","background-image: url(""https://images.coinafrique.com/2112935_uploaded_image2_1589474289.jpeg""); width: 402px;"
Vêtements Enfants,4500,"Dakar Plateau, Dakar, Sénégal","background-image: url(""https://images.coinafrique.com/2120830_uploaded_image2_1589585959.jpeg""); width: 399px;"
Vêtements Enfants,4500,"Dakar Plateau, Dakar, Sénégal","background-image: url(""https://images.coinafrique.com/2120840_uploaded_image2_1589586074.jpeg""); width: 399px;"
Vêtements Enfants,4500,"Dakar Plateau, Dakar, Sénégal","background-image: url(""https://images.coinafrique.com/2120842_uploaded_image2_1589586119.jpeg""); width: 399px;"
Vêtements Enfants,5000,"Dakar Plateau, Dakar, Sénégal","background-image: url(""https://images.coinafrique.com/2121705_uploaded_image2_1589608321.jpeg""); width: 399px;"
Vêtements Enfants,5000,"Dakar Plateau, Dakar, Sénégal","background-image: url(""https://images.coinafrique.com/2121709_uploaded_image2_1589608369.jpeg""); width: 399px;"
Vêtements Enfants,4500,"Dakar Plateau, Dakar, Sénégal","background-image: url(""https://images.coinafrique.com/2121710_uploaded_image2_1589608406.jpeg""); width: 399px;"
Vêtements Enfants,4500,"Dakar Plateau, Dakar, Sénégal","background-image: url(""https://images.coinafrique.com/2121714_uploaded_image2_1589608444.jpeg""); width: 399px;"
Vêtements Enfants,8000,"Dakar Plateau, Dakar, Sénégal","background-image: url(""https://images.coinafrique.com/2122740_uploaded_image2_1589625435.jpeg""); width: 608px;"
Vêtements Enfants,5500,"Dakar Plateau, Dakar, Sénégal","background-image: url(""https://images.coinafrique.com/thumb_2124862_uploaded_image1_1589655764.jpg""); width: 387px;"
Vêtements Enfants,4500,"Dakar Plateau, Dakar, Sénégal","background-image: url(""https://images.coinafrique.com/2125892_uploaded_image2_1589676709.jpeg""); width: 399px;"
Vêtements Enfants,4500,"Dakar Plateau, Dakar, Sénégal","background-image: url(""https://images.coinafrique.com/2125943_uploaded_image2_1589677840.jpeg""); width: 399px;"
Vêtements Enfants,4500,"Dakar Plateau, Dakar, Sénégal","background-image: url(""https://images.coinafrique.com/2125947_uploaded_image2_1589677921.jpeg""); width: 399px;"
Vêtements Enfants,4500,"Dakar Plateau, Dakar, Sénégal","background-image: url(""https://images.coinafrique.com/2125948_uploaded_image2_1589677960.jpeg""); width: 399px;"
Vêtements Enfants,4500,"Dakar Plateau, Dakar, Sénégal","background-image: url(""https://images.coinafrique.com/2125951_uploaded_image2_1589678021.jpeg""); width: 399px;"
Vêtements Enfants,4500,"Dakar Plateau, Dakar, Sénégal","background-image: url(""https://images.coinafrique.com/2125952_uploaded_image2_1589678069.jpeg""); width: 399px;"
Vêtements Enfants,4500,"Dakar Plateau, Dakar, Sénégal","background-image: url(""https://images.coinafrique.com/2126522_uploaded_image2_1589695661.jpeg""); width: 399px;"
Vêtements Enfants,5000,"Dakar Plateau, Dakar, Sénégal","background-image: url(""https://images.coinafrique.com/2126529_uploaded_image2_1589695742.jpeg""); width: 399px;"
Vêtements Enfants,5000,"Dakar Plateau, Dakar, Sénégal","background-image: url(""https://images.coinafrique.com/2126532_uploaded_image2_1589695795.jpeg""); width: 399px;"
Vêtements Enfants,4500,"Dakar Plateau, Dakar, Sénégal","background-image: url(""https://images.coinafrique.com/2126541_uploaded_image2_1589695915.jpeg""); width: 399px;"
Vêtements Enfants,5500,"Dakar Plateau, Dakar, Sénégal","background-image: url(""https://images.coinafrique.com/2126589_uploaded_image2_1589696413.jpeg""); width: 399px;"
Vêtements Enfants,10000,"Biscuiterie, Dakar, Sénégal","background-image: url(""https://images.coinafrique.com/2133033_uploaded_image2_1589804179.jpeg""); width: 532px;"
Vêtements Enfants,12000,"Fass, Dakar, Sénégal","background-image: url(""https://images.coinafrique.com/2133467_uploaded_image2_1589808819.jpeg""); width: 528px;"
Vêtements Enfants,12000,"Fass, Dakar, Sénégal","background-image: url(""https://images.coinafrique.com/2133600_uploaded_image2_1589810793.jpeg""); width: 528px;"
Vêtements Enfants,8000,"Rufisque, Sénégal","background-image: url(""https://images.coinafrique.com/2135475_uploaded_image2_1589837962.jpeg""); width: 671px;"
Vêtements Enfants,8000,"Rufisque, Sénégal","background-image: url(""https://images.coinafrique.com/2135481_uploaded_image2_1589838044.jpeg""); width: 671px;"
Vêtements Enfants,8000,"Rufisque, Sénégal","background-image: url(""https://images.coinafrique.com/2135490_uploaded_image2_1589838121.jpeg""); width: 671px;"
Vêtements Enfants,6000,"Rufisque, Sénégal","background-image: url(""https://images.coinafrique.com/2135496_uploaded_image2_1589838191.jpeg""); width: 671px;"
Vêtements Enfants,8000,"Rufisque, Sénégal","background-image: url(""https://images.coinafrique.com/2135504_uploaded_image2_1589838294.jpeg""); width: 671px;"
Vêtements Enfants,7500,"Rufisque, Sénégal","background-image: url(""https://images.coinafrique.com/thumb_2135538_uploaded_image1_1589838803.jpg""); width: 671px;"
Vêtements Enfants,7000,"Rufisque, Sénégal","background-image: url(""https://images.coinafrique.com/thumb_2135558_uploaded_image1_1589839068.jpg""); width: 671px;"
Vêtements Enfants,10000,"Rufisque, Sénégal","background-image: url(""https://images.coinafrique.com/thumb_2135575_uploaded_image1_1589839307.jpg""); width: 671px;"
Vêtements Enfants,6000,"Rufisque, Sénégal","background-image: url(""https://images.coinafrique.com/thumb_2135808_uploaded_image1_1589842052.jpg""); width: 671px;"
Vêtements Enfants,4500,"Dakar Plateau, Dakar, Sénégal","background-image: url(""https://images.coinafrique.com/2136716_uploaded_image2_1589868189.jpeg""); width: 399px;"
Vêtements Enfants,4500,"Dakar Plateau, Dakar, Sénégal","background-image: url(""https://images.coinafrique.com/2136720_uploaded_image2_1589868244.jpeg""); width: 399px;"
Vêtements Enfants,4500,"Dakar Plateau, Dakar, Sénégal","background-image: url(""https://images.coinafrique.com/2136726_uploaded_image2_1589868291.jpeg""); width: 399px;"
Vêtements Enfants,4500,"Dakar Plateau, Dakar, Sénégal","background-image: url(""https://images.coinafrique.com/2136737_uploaded_image2_1589868371.jpeg""); width: 399px;"
Vêtements Enfants,4500,"Dakar Plateau, Dakar, Sénégal","background-image: url(""https://images.coinafrique.com/2136740_uploaded_image2_1589868405.jpeg""); width: 399px;"
Vêtements Enfants,4500,"Dakar Plateau, Dakar, Sénégal","background-image: url(""https://images.coinafrique.com/2136743_uploaded_image2_1589868446.jpeg""); width: 399px;"
Vêtements Enfants,4500,"Dakar Plateau, Dakar, Sénégal","background-image: url(""https://images.coinafrique.com/2136746_uploaded_image2_1589868484.jpeg""); width: 399px;"
Vêtements Enfants,4500,"Dakar Plateau, Dakar, Sénégal","background-image: url(""https://images.coinafrique.com/2136750_uploaded_image2_1589868547.jpeg""); width: 399px;"
Vêtements Enfants,15000,"Dieuppeul-Derklé, Dakar, Sénégal","background-image: url(""https://images.coinafrique.com/2137750_uploaded_image2_1589880956.jpeg""); width: 415px;"
Vêtements Enfants,10000,"Biscuiterie, Dakar, Sénégal","background-image: url(""https://images.coinafrique.com/2138403_uploaded_image2_1589887329.jpeg""); width: 532px;"
Vêtements Enfants,8000,"Dieuppeul-Derklé, Dakar, Sénégal","background-image: url(""https://images.coinafrique.com/2143561_uploaded_image2_1589962899.jpeg""); width: 415px;"
Vêtements Enfants,10000,"Dakar-Plateau, Dakar, Sénégal","background-image: url(""https://images.coinafrique.com/thumb_2148439_uploaded_image1_1590022539.jpg""); width: 569px;"
Vêtements Enfants,5000,"Ouakam, Dakar, Sénégal","background-image: url(""https://images.coinafrique.com/2149152_uploaded_image2_1590040994.jpeg""); width: 438px;"
Vêtements Enfants,10000,"Dakar, Sénégal","background-image: url(""https://images.coinafrique.com/2151640_uploaded_image2_1590070200.jpeg""); width: 538px;"
Vêtements Enfants,10000,"Dakar, Sénégal","background-image: url(""https://images.coinafrique.com/2151645_uploaded_image2_1590070259.jpeg""); width: 538px;"
Vêtements Enfants,10000,"Biscuiterie, Dakar, Sénégal","background-image: url(""https://images.coinafrique.com/2152306_uploaded_image2_1590078155.jpeg""); width: 532px;"
Vêtements Enfants,4000,"Parcelle Assainies, Dakar, Sénégal","background-image: url(""https://images.coinafrique.com/2153809_uploaded_image2_1590099381.jpeg""); width: 543px;"
Vêtements Enfants,4500,"Dakar Plateau, Dakar, Sénégal","background-image: url(""https://images.coinafrique.com/2155102_uploaded_image2_1590127421.jpeg""); width: 399px;"
Vêtements Enfants,4500,"Dakar Plateau, Dakar, Sénégal","background-image: url(""https://images.coinafrique.com/2155103_uploaded_image2_1590127504.jpeg""); width: 399px;"
Vêtements Enfants,4500,"Dakar Plateau, Dakar, Sénégal","background-image: url(""https://images.coinafrique.com/2155108_uploaded_image2_1590127576.jpeg""); width: 399px;"
Vêtements Enfants,4500,"Dakar Plateau, Dakar, Sénégal","background-image: url(""https://images.coinafrique.com/2155110_uploaded_image2_1590127619.jpeg""); width: 399px;"
Vêtements Enfants,4500,"Dakar Plateau, Dakar, Sénégal","background-image: url(""https://images.coinafrique.com/2155117_uploaded_image2_1590127714.jpeg""); width: 399px;"
Vêtements Enfants,10000,"Dakar, Sénégal","background-image: url(""https://images.coinafrique.com/2159338_uploaded_image2_1590186983.jpeg""); width: 538px;"
Vêtements Enfants,10000,"Dakar, Sénégal","background-image: url(""https://images.coinafrique.com/2159344_uploaded_image2_1590187028.jpeg""); width: 538px;"
Vêtements Enfants,4500,"Dakar Plateau, Dakar, Sénégal","background-image: url(""https://images.coinafrique.com/2160076_uploaded_image2_1590213417.jpeg""); width: 399px;"
Vêtements Enfants,4500,"Dakar Plateau, Dakar, Sénégal","background-image: url(""https://images.coinafrique.com/2160087_uploaded_image2_1590213716.jpeg""); width: 399px;"
Vêtements Enfants,4500,"Dakar Plateau, Dakar, Sénégal","background-image: url(""https://images.coinafrique.com/2160093_uploaded_image2_1590213832.jpeg""); width: 399px;"
Vêtements Enfants,4500,"Dakar Plateau, Dakar, Sénégal","background-image: url(""https://images.coinafrique.com/2160098_uploaded_image2_1590213898.jpeg""); width: 399px;"
Vêtements Enfants,5000,"Grand Yoff, Dakar, Sénégal","background-image: url(""https://images.coinafrique.com/2175607_uploaded_image2_1590502636.jpeg""); width: 512px;"
Vêtements Enfants,5000,"Fass, Dakar, Sénégal","background-image: url(""https://images.coinafrique.com/2175750_uploaded_image2_1590504008.jpeg""); width: 528px;"
Vêtements Enfants,5000,"Fass, Dakar, Sénégal","background-image: url(""https://images.coinafrique.com/2175810_uploaded_image2_1590504416.jpeg""); width: 528px;"
Vêtements Enfants,5000,"Fass, Dakar, Sénégal","background-image: url(""https://images.coinafrique.com/2176228_uploaded_image2_1590509691.jpeg""); width: 528px;"
Vêtements Enfants,4500,"Dakar Plateau, Dakar, Sénégal","background-image: url(""https://images.coinafrique.com/2177960_uploaded_image2_1590535252.jpeg""); width: 399px;"
Vêtements Enfants,4500,"Dakar Plateau, Dakar, Sénégal","background-image: url(""https://images.coinafrique.com/2177962_uploaded_image2_1590535287.jpeg""); width: 399px;"
Vêtements Enfants,4500,"Dakar Plateau, Dakar, Sénégal","background-image: url(""https://images.coinafrique.com/2177965_uploaded_image2_1590535318.jpeg""); width: 399px;"
Vêtements Enfants,4500,"Dakar Plateau, Dakar, Sénégal","background-image: url(""https://images.coinafrique.com/2177970_uploaded_image2_1590535346.jpeg""); width: 399px;"
Vêtements Enfants,4500,"Dakar Plateau, Dakar, Sénégal","background-image: url(""https://images.coinafrique.com/2177971_uploaded_image2_1590535377.jpeg""); width: 399px;"
Vêtements Enfants,30000,"Mermoz-Sacré-Cœur, Dakar, Sénégal","background-image: url(""https://images.coinafrique.com/2182372_uploaded_image3_1590597500.85.jpeg""); width: 369px;"
Vêtements Enfants,4500,"Dakar Plateau, Dakar, Sénégal","background-image: url(""https://images.coinafrique.com/2184184_uploaded_image2_1590624990.jpeg""); width: 399px;"
Vêtements Enfants,4500,"Dakar Plateau, Dakar, Sénégal","background-image: url(""https://images.coinafrique.com/2184187_uploaded_image2_1590625040.jpeg""); width: 399px;"
Vêtements Enfants,4500,"Dakar Plateau, Dakar, Sénégal","background-image: url(""https://images.coinafrique.com/2184188_uploaded_image2_1590625078.jpeg""); width: 399px;"
Vêtements Enfants,4500,"Dakar Plateau, Dakar, Sénégal","background-image: url(""https://images.coinafrique.com/2189905_uploaded_image2_1590707665.jpeg""); width: 399px;"
Vêtements Enfants,4500,"Dakar Plateau, Dakar, Sénégal","background-image: url(""https://images.coinafrique.com/2189909_uploaded_image2_1590707708.jpeg""); width: 399px;"
Vêtements Enfants,3500,"Dakar Plateau, Dakar, Sénégal","background-image: url(""https://images.coinafrique.com/2189912_uploaded_image2_1590707745.jpeg""); width: 399px;"
Vêtements Enfants,3500,"Dakar Plateau, Dakar, Sénégal","background-image: url(""https://images.coinafrique.com/2189914_uploaded_image2_1590707778.jpeg""); width: 399px;"
Vêtements Enfants,10000,"Hann Bel-Air, Dakar, Sénégal","background-image: url(""https://images.coinafrique.com/2190410_uploaded_image2_1590716787.jpeg""); width: 372px;"
Vêtements Enfants,4500,"Dakar Plateau, Dakar, Sénégal","background-image: url(""https://images.coinafrique.com/2196443_uploaded_image2_1590795615.jpeg""); width: 399px;"
Vêtements Enfants,4500,"Dakar Plateau, Dakar, Sénégal","background-image: url(""https://images.coinafrique.com/2196448_uploaded_image2_1590795660.jpeg""); width: 399px;"
Vêtements Enfants,4500,"Dakar Plateau, Dakar, Sénégal","background-image: url(""https://images.coinafrique.com/2196450_uploaded_image2_1590795691.jpeg""); width: 399px;"
Vêtements Enfants,4500,"Dakar Plateau, Dakar, Sénégal","background-image: url(""https://images.coinafrique.com/2196452_uploaded_image2_1590795727.jpeg""); width: 399px;"
Vêtements Enfants,4500,"Dakar Plateau, Dakar, Sénégal","background-image: url(""https://images.coinafrique.com/2196455_uploaded_image2_1590795758.jpeg""); width: 399px;"
Vêtements Enfants,4500,"Dakar Plateau, Dakar, Sénégal","background-image: url(""https://images.coinafrique.com/2196460_uploaded_image2_1590795797.jpeg""); width: 399px;"
Vêtements Enfants,4500,"Dakar Plateau, Dakar, Sénégal","background-image: url(""https://images.coinafrique.com/2196462_uploaded_image2_1590795834.jpeg""); width: 399px;"
Vêtements Enfants,3500,"Dakar Plateau, Dakar, Sénégal","background-image: url(""https://images.coinafrique.com/2196466_uploaded_image2_1590795872.jpeg""); width: 399px;"
Vêtements Enfants,3500,"Dakar Plateau, Dakar, Sénégal","background-image: url(""https://images.coinafrique.com/2196469_uploaded_image3_1590795905.jpeg""); width: 399px;"
Vêtements Enfants,3500,"Dakar Plateau, Dakar, Sénégal","background-image: url(""https://images.coinafrique.com/2196473_uploaded_image2_1590795935.jpeg""); width: 399px;"
Vêtements Enfants,6500,"Dakar Plateau, Dakar, Sénégal","background-image: url(""https://images.coinafrique.com/2196569_uploaded_image2_1590797177.jpeg""); width: 399px;"
Vêtements Enfants,6500,"Dakar Plateau, Dakar, Sénégal","background-image: url(""https://images.coinafrique.com/2196570_uploaded_image3_1590797203.jpeg""); width: 399px;"
Vêtements Enfants,6500,"Dakar Plateau, Dakar, Sénégal","background-image: url(""https://images.coinafrique.com/2196573_uploaded_image2_1590797229.jpeg""); width: 399px;"
Vêtements Enfants,6500,"Dakar Plateau, Dakar, Sénégal","background-image: url(""https://images.coinafrique.com/2196574_uploaded_image2_1590797255.jpeg""); width: 399px;"
Vêtements Enfants,4500,"Dakar Plateau, Dakar, Sénégal","background-image: url(""https://images.coinafrique.com/2196576_uploaded_image2_1590797295.jpeg""); width: 399px;"
Vêtements Enfants,6000,"Sicap Liberté, Dakar, Sénégal","background-image: url(""https://images.coinafrique.com/2200124_uploaded_image2_1590854403.jpeg""); width: 413px;"
Vêtements Enfants,4500,"Dakar Plateau, Dakar, Sénégal","background-image: url(""https://images.coinafrique.com/2201843_uploaded_image2_1590884302.jpeg""); width: 399px;"
Vêtements Enfants,4500,"Dakar Plateau, Dakar, Sénégal","background-image: url(""https://images.coinafrique.com/2201848_uploaded_image2_1590884374.jpeg""); width: 399px;"
Vêtements Enfants,3500,"HLM, Dakar, Sénégal","background-image: url(""https://images.coinafrique.com/2202769_uploaded_image2_1590917753.1.jpeg""); width: 452px;"
Vêtements Enfants,7500,"Dakar, Sénégal","background-image: url(""https://images.coinafrique.com/2205828_uploaded_image2_1590964036.jpeg""); width: 369px;"
Vêtements Enfants,1000,"Dakar, Sénégal","background-image: url(""https://images.coinafrique.com/2215192_uploaded_image2_1591108928.jpeg""); width: 434px;"
Vêtements Enfants,4500,"Dakar Plateau, Dakar, Sénégal","background-image: url(""https://images.coinafrique.com/2217825_uploaded_image2_1591140416.jpeg""); width: 399px;"
Vêtements Enfants,4500,"Dakar Plateau, Dakar, Sénégal","background-image: url(""https://images.coinafrique.com/2217826_uploaded_image2_1591140452.jpeg""); width: 399px;"
Vêtements Enfants,4500,"Dakar Plateau, Dakar, Sénégal","background-image: url(""https://images.coinafrique.com/2217833_uploaded_image2_1591140499.jpeg""); width: 399px;"
Vêtements Enfants,4500,"Dakar Plateau, Dakar, Sénégal","background-image: url(""https://images.coinafrique.com/2217836_uploaded_image2_1591140533.jpeg""); width: 399px;"
Vêtements Enfants,4500,"Dakar Plateau, Dakar, Sénégal","background-image: url(""https://images.coinafrique.com/2217841_uploaded_image2_1591140592.jpeg""); width: 399px;"
Vêtements Enfants,4500,"Dakar Plateau, Dakar, Sénégal","background-image: url(""https://images.coinafrique.com/2217851_uploaded_image2_1591140670.jpeg""); width: 399px;"
Vêtements Enfants,4500,"Dakar Plateau, Dakar, Sénégal","background-image: url(""https://images.coinafrique.com/2217854_uploaded_image2_1591140707.jpeg""); width: 399px;"
Vêtements Enfants,4500,"Dakar Plateau, Dakar, Sénégal","background-image: url(""https://images.coinafrique.com/2217861_uploaded_image2_1591140791.jpeg""); width: 399px;"
Vêtements Enfants,7000,"Dakar, Sénégal","background-image: url(""https://images.coinafrique.com/2230573_uploaded_image2_1591323874.jpeg""); width: 369px;"
Vêtements Enfants,15000,"Grand Dakar, Dakar, Sénégal","background-image: url(""https://images.coinafrique.com/2238880_uploaded_image2_1591454589.jpeg""); width: 369px;"
Vêtements Enfants,10000,"Pikine, Sénégal","background-image: url(""https://images.coinafrique.com/2243264_uploaded_image2_1591543392.jpeg""); width: 544px;"
Vêtements Enfants,15000,"Sicap Liberté, Dakar, Sénégal","background-image: url(""https://images.coinafrique.com/thumb_2251207_uploaded_image1_1591658924.jpg""); width: 488px;"
Vêtements Enfants,4500,"Rufisque, Sénégal","background-image: url(""https://images.coinafrique.com/2263591_uploaded_image2_1591833783.jpeg""); width: 671px;"
Vêtements Enfants,4500,"Rufisque, Sénégal","background-image: url(""https://images.coinafrique.com/thumb_2263607_uploaded_image1_1591833986.jpg""); width: 671px;"
Vêtements Enfants,1300,"Rufisque, Sénégal","background-image: url(""https://images.coinafrique.com/2263623_uploaded_image2_1591834199.jpeg""); width: 671px;"
Vêtements Enfants,1300,"Rufisque, Sénégal","background-image: url(""https://images.coinafrique.com/2263638_uploaded_image2_1591834380.jpeg""); width: 671px;"
Vêtements Enfants,1300,"Rufisque, Sénégal","background-image: url(""https://images.coinafrique.com/2263650_uploaded_image2_1591834502.jpeg""); width: 671px;"
Vêtements Enfants,7000,"Cambérène, Dakar, Sénégal","background-image: url(""https://images.coinafrique.com/2268332_uploaded_image2_1591890459.jpeg""); width: 369px;"
Vêtements Enfants,2500,"Rufisque, Sénégal","background-image: url(""https://images.coinafrique.com/2274503_uploaded_image2_1591981097.jpeg""); width: 671px;"
Vêtements Enfants,3000,"Rufisque, Sénégal","background-image: url(""https://images.coinafrique.com/2274532_uploaded_image2_1591981387.jpeg""); width: 671px;"
Vêtements Enfants,3000,"Rufisque, Sénégal","background-image: url(""https://images.coinafrique.com/2274546_uploaded_image2_1591981520.jpeg""); width: 671px;"
Vêtements Enfants,3000,"Rufisque, Sénégal","background-image: url(""https://images.coinafrique.com/2274557_uploaded_image2_1591981638.jpeg""); width: 671px;"
Vêtements Enfants,6000,"Rufisque, Sénégal","background-image: url(""https://images.coinafrique.com/2274571_uploaded_image2_1591981804.jpeg""); width: 671px;"
Vêtements Enfants,6000,"Mermoz-Sacré Coeur, Dakar, Sénégal","background-image: url(""https://images.coinafrique.com/2295755_uploaded_image2_1592329461.jpeg""); width: 432px;"
Vêtements Enfants,15000,"Dakar, Sénégal","background-image: url(""https://images.coinafrique.com/2310057_uploaded_image2_1592523426.jpeg""); width: 452px;"
Vêtements Enfants,4500,"Dakar Plateau, Dakar, Sénégal","background-image: url(""https://images.coinafrique.com/2310121_uploaded_image2_1592524463.jpeg""); width: 399px;"
Vêtements Enfants,4500,"Dakar Plateau, Dakar, Sénégal","background-image: url(""https://images.coinafrique.com/2310123_uploaded_image2_1592524490.jpeg""); width: 399px;"
Vêtements Enfants,6500,"Dakar Plateau, Dakar, Sénégal","background-image: url(""https://images.coinafrique.com/2310124_uploaded_image2_1592524520.jpeg""); width: 399px;"
Vêtements Enfants,15000,"Dieuppeul-Derklé, Dakar, Sénégal","background-image: url(""https://images.coinafrique.com/2313499_uploaded_image2_1592578355.jpeg""); width: 555px;"
Vêtements Enfants,20000,"Dakar Plateau, Dakar, Sénégal","background-image: url(""https://images.coinafrique.com/2317501_uploaded_image2_1592652082.jpeg""); width: 538px;"
Vêtements Enfants,20000,"Dakar Plateau, Dakar, Sénégal","background-image: url(""https://images.coinafrique.com/2317504_uploaded_image2_1592652130.jpeg""); width: 538px;"
Vêtements Enfants,25000,"Dakar Plateau, Dakar, Sénégal","background-image: url(""https://images.coinafrique.com/2317536_uploaded_image2_1592652456.jpeg""); width: 538px;"
Vêtements Enfants,4000,"Dakar Plateau, Dakar, Sénégal","background-image: url(""https://images.coinafrique.com/2324482_uploaded_image2_1592784086.jpeg""); width: 399px;"
Vêtements Enfants,4000,"Dakar Plateau, Dakar, Sénégal","background-image: url(""https://images.coinafrique.com/2324483_uploaded_image2_1592784119.jpeg""); width: 399px;"
Vêtements Enfants,4500,"Rufisque, Sénégal","background-image: url(""https://images.coinafrique.com/2330464_uploaded_image2_1592871358.jpeg""); width: 671px;"
Vêtements Enfants,4000,"Dieuppeul-Derklé, Dakar, Sénégal","background-image: url(""https://images.coinafrique.com/2340835_uploaded_image2_1593021989.jpeg""); width: 406px;"
Vêtements Enfants,10000,"Dakar, Sénégal","background-image: url(""https://images.coinafrique.com/2347925_uploaded_image2_1593131058.jpeg""); width: 452px;"
Vêtements Enfants,10000,"Dakar, Sénégal","background-image: url(""https://images.coinafrique.com/2348889_uploaded_image2_1593158546.jpeg""); width: 410px;"
Vêtements Enfants,2500,"HLM, Dakar, Sénégal","background-image: url(""https://images.coinafrique.com/2351688_uploaded_image2_1593186754.jpeg""); width: 452px;"
Vêtements Enfants,2500,"Dakar, Sénégal","background-image: url(""https://images.coinafrique.com/thumb_2357148_uploaded_image1_1593280075.jpg""); width: 423px;"
Vêtements Enfants,6000,"Grand Yoff, Dakar, Sénégal","background-image: url(""https://images.coinafrique.com/2357824_uploaded_image2_1593292674.jpeg""); width: 512px;"
Vêtements Enfants,25000,"Dakar, Sénégal","background-image: url(""https://images.coinafrique.com/2361645_uploaded_image2_1593372128.jpeg""); width: 410px;"
Vêtements Enfants,25000,"Dakar, Sénégal","background-image: url(""https://images.coinafrique.com/2361651_uploaded_image2_1593372217.jpeg""); width: 410px;"
Vêtements Enfants,3500,"HLM, Dakar, Sénégal","background-image: url(""https://images.coinafrique.com/2363010_uploaded_image2_1593392013.jpeg""); width: 452px;"
Vêtements Enfants,7000,"Grand Yoff, Dakar, Sénégal","background-image: url(""https://images.coinafrique.com/2367474_uploaded_image2_1593459543.jpeg""); width: 369px;"
Vêtements Enfants,7000,"Grand Yoff, Dakar, Sénégal","background-image: url(""https://images.coinafrique.com/2367486_uploaded_image2_1593459785.jpeg""); width: 369px;"
Vêtements Enfants,4000,"Dakar, Sénégal","background-image: url(""https://images.coinafrique.com/thumb_2370708_uploaded_image1_1593520384.jpg""); width: 430px;"
Vêtements Enfants,3000,"HLM, Dakar, Sénégal","background-image: url(""https://images.coinafrique.com/2377213_uploaded_image2_1593621499.jpeg""); width: 452px;"
Vêtements Enfants,3000,"HLM, Dakar, Sénégal","background-image: url(""https://images.coinafrique.com/2377227_uploaded_image2_1593621591.jpeg""); width: 452px;"
Vêtements Enfants,3000,"HLM, Dakar, Sénégal","background-image: url(""https://images.coinafrique.com/2377232_uploaded_image2_1593621706.jpeg""); width: 452px;"
Vêtements Enfants,3500,"Grand Yoff, Dakar, Sénégal","background-image: url(""https://images.coinafrique.com/2377371_uploaded_image2_1593623429.jpeg""); width: 512px;"
Vêtements Enfants,4500,"Dakar, Sénégal","background-image: url(""https://images.coinafrique.com/2377756_uploaded_image2_1593627289.jpeg""); width: 399px;"
Vêtements Enfants,4000,"Dakar, Sénégal","background-image: url(""https://images.coinafrique.com/2377763_uploaded_image2_1593627357.jpeg""); width: 399px;"
Vêtements Enfants,4008,"Dakar, Sénégal","background-image: url(""https://images.coinafrique.com/thumb_2378597_uploaded_image1_1593640853.jpg""); width: 431px;"
Vêtements Enfants,4500,"Dakar, Sénégal","background-image: url(""https://images.coinafrique.com/2383531_uploaded_image2_1593715580.jpeg""); width: 399px;"
Vêtements Enfants,4500,"Dakar, Sénégal","background-image: url(""https://images.coinafrique.com/2383536_uploaded_image2_1593715625.jpeg""); width: 399px;"
Vêtements Enfants,4500,"Dakar, Sénégal","background-image: url(""https://images.coinafrique.com/2383539_uploaded_image2_1593715654.jpeg""); width: 399px;"
Vêtements Enfants,4000,"Dakar, Sénégal","background-image: url(""https://images.coinafrique.com/2383727_uploaded_image2_1593717955.jpeg""); width: 399px;"
Vêtements Enfants,4500,"Dakar, Sénégal","background-image: url(""https://images.coinafrique.com/2384763_uploaded_image2_1593734474.jpeg""); width: 399px;"
Vêtements Enfants,4500,"Dakar, Sénégal","background-image: url(""https://images.coinafrique.com/thumb_2384768_uploaded_image3_1593734533.jpeg""); width: 399px;"
Vêtements Enfants,4500,"Dakar, Sénégal","background-image: url(""https://images.coinafrique.com/2384771_uploaded_image2_1593734574.jpeg""); width: 399px;"
Vêtements Enfants,4500,"Dakar, Sénégal","background-image: url(""https://images.coinafrique.com/2384777_uploaded_image3_1593734610.jpeg""); width: 399px;"
Vêtements Enfants,4500,"Dakar, Sénégal","background-image: url(""https://images.coinafrique.com/2384780_uploaded_image2_1593734638.jpeg""); width: 399px;"
Vêtements Enfants,4500,"Dakar, Sénégal","background-image: url(""https://images.coinafrique.com/2384784_uploaded_image2_1593734669.jpeg""); width: 399px;"
Vêtements Enfants,4500,"Dakar, Sénégal","background-image: url(""https://images.coinafrique.com/2384787_uploaded_image2_1593734706.jpeg""); width: 399px;"
Vêtements Enfants,4500,"Dakar, Sénégal","background-image: url(""https://images.coinafrique.com/2384790_uploaded_image2_1593734738.jpeg""); width: 399px;"
Vêtements Enfants,4500,"Dakar, Sénégal","background-image: url(""https://images.coinafrique.com/2385462_uploaded_image2_1593756506.jpeg""); width: 399px;"
Vêtements Enfants,4500,"Dakar, Sénégal","background-image: url(""https://images.coinafrique.com/2385463_uploaded_image3_1593756545.jpeg""); width: 399px;"
Vêtements Enfants,4500,"Dakar, Sénégal","background-image: url(""https://images.coinafrique.com/2385466_uploaded_image2_1593756575.jpeg""); width: 399px;"
Vêtements Enfants,4500,"Dakar, Sénégal","background-image: url(""https://images.coinafrique.com/2385470_uploaded_image2_1593756621.jpeg""); width: 399px;"
Vêtements Enfants,4500,"Dakar, Sénégal","background-image: url(""https://images.coinafrique.com/thumb_2385474_uploaded_image1_1593756680.jpg""); width: 399px;"
Vêtements Enfants,4500,"Dakar, Sénégal","background-image: url(""https://images.coinafrique.com/thumb_2385500_uploaded_image1_1593756984.jpg""); width: 391px;"
Vêtements Enfants,4500,"Dakar, Sénégal","background-image: url(""https://images.coinafrique.com/thumb_2385501_uploaded_image1_1593757023.jpg""); width: 399px;"
Vêtements Enfants,4500,"Dakar, Sénégal","background-image: url(""https://images.coinafrique.com/thumb_2385507_uploaded_image1_1593757086.jpg""); width: 399px;"
Vêtements Enfants,4500,"Dakar, Sénégal","background-image: url(""https://images.coinafrique.com/thumb_2385511_uploaded_image1_1593757128.jpg""); width: 399px;"
Vêtements Enfants,4500,"Dakar, Sénégal","background-image: url(""https://images.coinafrique.com/2385514_uploaded_image3_1593757178.jpeg""); width: 399px;"
Vêtements Enfants,4500,"Dakar, Sénégal","background-image: url(""https://images.coinafrique.com/2390222_uploaded_image2_1593819740.jpeg""); width: 399px;"
Vêtements Enfants,4500,"Dakar, Sénégal","background-image: url(""https://images.coinafrique.com/2390249_uploaded_image3_1593820152.jpeg""); width: 399px;"
Vêtements Enfants,4500,"Dakar, Sénégal","background-image: url(""https://images.coinafrique.com/2390252_uploaded_image3_1593820267.jpeg""); width: 399px;"
Vêtements Enfants,500,"Cambérène, Dakar, Sénégal","background-image: url(""https://images.coinafrique.com/2391012_uploaded_image2_1593848227.jpeg""); width: 452px;"
Vêtements Enfants,4000,"HLM, Dakar, Sénégal","background-image: url(""https://images.coinafrique.com/2393110_uploaded_image2_1593876569.jpeg""); width: 442px;"
Vêtements Enfants,300,"Cambérène, Dakar, Sénégal","background-image: url(""https://images.coinafrique.com/thumb_2393141_uploaded_image1_1593877001.jpg""); width: 452px;"
Vêtements Enfants,4500,"Dakar, Sénégal","background-image: url(""https://images.coinafrique.com/2394787_uploaded_image2_1593908907.jpeg""); width: 399px;"
Vêtements Enfants,4500,"Dakar, Sénégal","background-image: url(""https://images.coinafrique.com/2394789_uploaded_image2_1593908941.jpeg""); width: 399px;"
